model,qlike,mse_log,mae_log,dm_p,beats_baseline
HAR-RV-SJ,0.06825,0.312799,0.262988,,—
HAR-Lasso,0.057491,0.29063,0.234423,6.17546548890106e-07,yes*
XGBoost,0.078337,0.349184,0.299255,2.0916616651389952e-05,no
LightGBM,0.071948,0.330376,0.282352,0.0114114171541314,no
HAR-LGBM Hybrid,0.05445,0.286195,0.234464,8.580831021522307e-16,yes*
