{
  "HAR-RV-SJ": {
    "qlike": 0.06825046835765487,
    "mse_log": 0.31279917972637256,
    "mae_log": 0.2629883024313184,
    "n_obs": 1531
  },
  "HAR-Lasso": {
    "qlike": 0.05749084950164993,
    "mse_log": 0.2906300530066608,
    "mae_log": 0.23442331979873493,
    "n_obs": 1531
  },
  "XGBoost": {
    "qlike": 0.0783374427012063,
    "mse_log": 0.34918449142080926,
    "mae_log": 0.2992553235339119,
    "n_obs": 1531
  },
  "LightGBM": {
    "qlike": 0.07194755933429478,
    "mse_log": 0.33037570721713677,
    "mae_log": 0.28235192505768414,
    "n_obs": 1531
  },
  "HAR-LGBM Hybrid": {
    "qlike": 0.054450292219928156,
    "mse_log": 0.28619480285896043,
    "mae_log": 0.23446354704301506,
    "n_obs": 1531
  }
}