{
  "HAR-RV-SJ": {
    "qlike": 0.06825046835765487,
    "mse_log": 0.31279917972637256,
    "mae_log": 0.2629883024313184,
    "n_obs": 1531
  },
  "HAR-Lasso": {
    "qlike": 0.05868930599718883,
    "mse_log": 0.29295822989948406,
    "mae_log": 0.24092462296210643,
    "n_obs": 1531
  },
  "XGBoost": {
    "qlike": 0.08056538924546096,
    "mse_log": 0.35193508749829594,
    "mae_log": 0.3086610583491096,
    "n_obs": 1531
  },
  "LightGBM": {
    "qlike": 0.07186162185489779,
    "mse_log": 0.32856700449836146,
    "mae_log": 0.27931026100004025,
    "n_obs": 1531
  },
  "HAR-LGBM Hybrid": {
    "qlike": 0.05511181339133711,
    "mse_log": 0.28579288977126094,
    "mae_log": 0.2368907259124867,
    "n_obs": 1531
  },
  "HAR-LGBM Tuned": {
    "qlike": 0.05639473441895654,
    "mse_log": 0.28933922557684816,
    "mae_log": 0.2406004490591889,
    "n_obs": 1531
  },
  "Stacking Ensemble": {
    "qlike": 0.06668955272337954,
    "mse_log": 0.30636683719833585,
    "mae_log": 0.25882988546195895,
    "n_obs": 1531
  },
  "HAR-LSTM Hybrid": {
    "qlike": 0.06918733412396709,
    "mse_log": 0.31703620256469733,
    "mae_log": 0.2678341456556874,
    "n_obs": 1531
  }
}